{
  "Forgot Password" : {
    "transaction" : "Forgot Password",
    "sampleCount" : 5,
    "errorCount" : 5,
    "errorPct" : 100.0,
    "meanResTime" : 484.0,
    "medianResTime" : 506.0,
    "minResTime" : 436.0,
    "maxResTime" : 518.0,
    "pct1ResTime" : 518.0,
    "pct2ResTime" : 518.0,
    "pct3ResTime" : 518.0,
    "throughput" : 0.2857796067672611,
    "receivedKBytesPerSec" : 7.065789144661638,
    "sentKBytesPerSec" : 0.11721429183813444
  },
  "Total" : {
    "transaction" : "Total",
    "sampleCount" : 15,
    "errorCount" : 10,
    "errorPct" : 66.666664,
    "meanResTime" : 1254.8666666666668,
    "medianResTime" : 1372.0,
    "minResTime" : 436.0,
    "maxResTime" : 3042.0,
    "pct1ResTime" : 2292.6000000000004,
    "pct2ResTime" : 3042.0,
    "pct3ResTime" : 3042.0,
    "throughput" : 0.7251631617113851,
    "receivedKBytesPerSec" : 114.18515455039885,
    "sentKBytesPerSec" : 0.2053684735315446
  },
  "Invalid Login" : {
    "transaction" : "Invalid Login",
    "sampleCount" : 5,
    "errorCount" : 5,
    "errorPct" : 100.0,
    "meanResTime" : 1806.4,
    "medianResTime" : 1543.0,
    "minResTime" : 1378.0,
    "maxResTime" : 3042.0,
    "pct1ResTime" : 3042.0,
    "pct2ResTime" : 3042.0,
    "pct3ResTime" : 3042.0,
    "throughput" : 0.2712526447132859,
    "receivedKBytesPerSec" : 85.59997058604134,
    "sentKBytesPerSec" : 0.08715050792057723
  },
  "Linked in HomePage" : {
    "transaction" : "Linked in HomePage",
    "sampleCount" : 5,
    "errorCount" : 0,
    "errorPct" : 0.0,
    "meanResTime" : 1474.2,
    "medianResTime" : 1372.0,
    "minResTime" : 1301.0,
    "maxResTime" : 1793.0,
    "pct1ResTime" : 1793.0,
    "pct2ResTime" : 1793.0,
    "pct3ResTime" : 1793.0,
    "throughput" : 0.2907991159706874,
    "receivedKBytesPerSec" : 38.41064424726649,
    "sentKBytesPerSec" : 0.034362004914505064
  }
}